Threat ID,Threat Category,Description,Impact,Likelihood,Risk Level,Mitigation Strategy
T-01,Authentication Bypass,Attacker bypasses voice biometric authentication using recorded voice,High,Medium,High,"Implement liveness detection, challenge-response protocol, and multi-factor authentication"
T-02,Voice Spoofing,Deepfake or synthetic voice used to impersonate legitimate user,High,Medium,High,"Advanced anti-spoofing algorithms, voice texture analysis, behavioral biometrics"
T-03,Man-in-the-Middle,Interception of voice data or API communication,Critical,Low,High,"TLS 1.3 with certificate pinning, end-to-end encryption, mutual TLS for service communication"
T-04,SQL Injection,Malicious SQL queries via voice-transcribed input,Critical,Medium,High,"Parameterized queries, strict input validation, WAF with SQL injection detection"
T-05,Denial of Service,Overwhelming system with voice requests,High,High,High,"Rate limiting (100 req/min), adaptive throttling, DDoS protection at CDN level"
T-06,Data Breach,Unauthorized access to sensitive tax data or voice recordings,Critical,Low,High,"AES-256 encryption, access controls (RBAC), audit logging, regular penetration testing"
T-07,Session Hijacking,Stolen JWT tokens used for unauthorized access,High,Medium,High,"Short token expiry (15 min), refresh token rotation, IP address binding, device fingerprinting"
T-08,Insider Threat,Malicious employee accessing customer data,High,Low,Medium,"Principle of least privilege, separation of duties, comprehensive audit logging, background checks"
T-09,API Abuse,Excessive API calls or parameter tampering,Medium,High,High,"Rate limiting per user/IP, schema validation, API gateway with request signing"
T-10,Privacy Violation,Unauthorized processing or retention of voice data,High,Medium,High,"Data minimization, immediate deletion after processing, privacy by design, regular DPIAs"
T-11,Replay Attack,Re-submission of captured voice authentication,High,Medium,High,"Timestamp validation, nonce/challenge-response, session-specific tokens"
T-12,Credential Stuffing,Brute force attack on Ügyfélkapu integration,Medium,High,High,"Account lockout after 5 attempts, CAPTCHA after 3 attempts, IP reputation checking"
T-13,XML External Entity (XXE),Malicious XML in NAV invoice submission,High,Medium,High,"Disable XML external entities, strict XML schema validation, security-focused XML parser"
T-14,Cross-Site Scripting,Injection of malicious scripts in web interface,Medium,Medium,Medium,"Content Security Policy, output encoding, input sanitization, WAF protection"
T-15,Insufficient Logging,Inadequate audit trail for security investigation,Medium,Low,Medium,"Centralized logging (SIEM), log integrity protection, real-time alerting on suspicious activities"
T-16,Third-Party Vulnerability,Exploits in NAV API or Ügyfélkapu integration,High,Medium,High,"Regular security updates, vulnerability scanning, secure API wrapper, input validation"
T-17,Social Engineering,Attacker manipulates user to reveal credentials,Medium,High,High,"User education, warning messages, verification callbacks, transaction limits"
T-18,Cryptographic Failure,Weak encryption or key management,Critical,Low,Medium,"FIPS 140-2 certified HSM, regular key rotation, strong cipher suites only (TLS 1.3)"
T-19,Compliance Violation,Failure to meet GDPR or Hungarian data protection requirements,High,Medium,High,"Regular compliance audits, DPO oversight, documented procedures, staff training"
T-20,Supply Chain Attack,Compromise through third-party dependencies,High,Low,Medium,"Software composition analysis, dependency scanning, vendor security assessments"
